packet_id,timestamp,length,direction
0,0.0,100,-1
1,0.006048917770385742,100,1
2,0.0447385311126709,60,-1
3,7.455647706985474,66,1
4,7.615412950515747,54,1
5,14.694880485534668,286,1
6,14.695208072662354,190,1
7,14.698201894760132,1514,1
8,14.699287176132202,1514,1
9,14.69933557510376,1514,1
10,14.699367046356201,1514,1
11,14.699397325515747,313,1
12,14.711852788925171,79,1
13,14.714840412139893,286,1
14,14.716173887252808,190,1
15,14.727277755737305,1514,1
16,14.733361959457397,60,-1
17,14.73536229133606,1514,1
18,14.736918926239014,95,-1
19,14.736980438232422,1514,1
20,14.739267587661743,60,-1
21,14.74006700515747,74,1
22,14.740253686904907,60,-1
23,14.740256309509277,60,-1
24,14.74025845527649,60,-1
25,14.740259885787964,60,-1
26,14.741044521331787,89,1
27,14.773295402526855,60,-1
28,14.773300170898438,60,-1
29,14.77330231666565,60,-1
30,14.773635149002075,60,-1
31,14.776739835739136,66,-1
32,14.778391361236572,54,1
33,14.779110670089722,60,-1
34,14.78457522392273,60,-1
35,14.78644585609436,312,1
36,14.796253681182861,1514,1
37,14.79733395576477,1514,1
38,14.797387838363647,1514,1
39,14.797417879104614,1514,1
40,14.797463417053223,252,1
41,14.81638789176941,172,1
42,14.82188868522644,60,-1
43,14.826018333435059,60,-1
44,14.826334238052368,191,-1
45,14.828707933425903,54,1
46,14.830511331558228,105,1
47,14.830791234970093,172,1
48,14.838523149490356,60,-1
49,14.841469049453735,60,-1
50,14.841471910476685,60,-1
51,14.841473579406738,60,-1
52,14.84428882598877,172,1
53,14.853429555892944,60,-1
54,14.865575075149536,146,-1
55,14.865578651428223,92,-1
56,14.867305755615234,54,1
57,14.878700494766235,172,1
58,14.882145166397095,60,-1
59,14.892450094223022,172,1
60,14.906580209732056,172,1
61,14.915216445922852,60,-1
62,14.916686058044434,767,1
63,14.928102016448975,172,1
64,14.929871082305908,60,-1
65,14.955064535140991,172,1
66,14.955179214477539,60,-1
67,14.960505247116089,419,-1
68,14.962430477142334,85,1
69,14.962697982788086,54,1
70,14.96647047996521,60,-1
71,14.976091861724854,172,1
72,14.99512529373169,172,1
73,15.001242399215698,60,-1
74,15.004226446151733,172,1
75,15.004377365112305,54,1
76,15.016392946243286,60,-1
77,15.042577505111694,60,-1
78,15.052141189575195,172,1
79,15.053250551223755,172,1
80,15.067278385162354,172,1
81,15.087961673736572,172,1
82,15.094637870788574,60,-1
83,15.11568307876587,172,1
84,15.125681161880493,60,-1
85,15.130095958709717,172,1
86,15.150802850723267,172,1
87,15.16458773612976,172,1
88,15.167646169662476,60,-1
89,15.199702978134155,172,1
90,15.202249765396118,60,-1
91,15.214328289031982,172,1
92,15.21830940246582,286,1
93,15.21897006034851,190,1
94,15.219999551773071,1514,1
95,15.220670700073242,1514,1
96,15.22078275680542,1174,1
97,15.220839262008667,136,1
98,15.221073150634766,92,1
99,15.228170156478882,172,1
100,15.249409198760986,172,1
101,15.252344608306885,60,-1
102,15.257577896118164,60,-1
103,15.263461351394653,60,-1
104,15.27626919746399,172,1
105,15.286479949951172,60,-1
106,15.290465593338013,172,1
107,15.311037540435791,172,1
108,15.324527025222778,172,1
109,15.328942775726318,60,-1
110,15.360062599182129,172,1
111,15.361190795898438,146,-1
112,15.361192464828491,92,-1
113,15.36480164527893,54,1
114,15.38069772720337,172,1
115,15.388614416122437,172,1
116,15.397655487060547,60,-1
117,15.401662826538086,172,1
118,15.429526329040527,60,-1
119,15.437068700790405,172,1
120,15.450614213943481,172,1
121,15.471513986587524,172,1
122,15.47435736656189,60,-1
123,15.486134767532349,172,1
124,15.509307861328125,60,-1
125,15.514790296554565,172,1
126,15.53458571434021,172,1
127,15.549031972885132,172,1
128,15.552254676818848,60,-1
129,15.562776803970337,172,1
130,15.586402416229248,60,-1
131,15.597495794296265,172,1
132,15.612002849578857,172,1
133,15.625683307647705,172,1
134,15.636450052261353,60,-1
135,15.646610021591187,172,1
136,15.663079023361206,60,-1
137,15.67481541633606,172,1
138,15.694985151290894,172,1
139,15.709158182144165,172,1
140,15.71207332611084,60,-1
141,15.746534585952759,60,-1
142,15.74696946144104,172,1
143,15.75755000114441,172,1
144,15.771621704101562,172,1
145,15.786080837249756,172,1
146,15.795469284057617,60,-1
147,15.806754112243652,172,1
148,15.823279619216919,60,-1
149,15.83488416671753,172,1
150,15.85627007484436,172,1
151,15.869756937026978,172,1
152,15.873414754867554,60,-1
153,15.883395671844482,172,1
154,15.90906572341919,60,-1
155,15.919061660766602,172,1
156,15.932565689086914,172,1
157,15.946670293807983,172,1
158,15.957077503204346,60,-1
159,15.968356847763062,172,1
160,15.984298467636108,60,-1
161,15.995571613311768,172,1
162,16.009809732437134,172,1
163,16.033069372177124,172,1
164,16.033310651779175,60,-1
165,16.04478144645691,172,1
166,16.070480823516846,60,-1
167,16.07981586456299,172,1
168,16.093785762786865,172,1
169,16.107914209365845,172,1
170,16.116926193237305,60,-1
171,16.121781826019287,172,1
172,16.146225214004517,60,-1
173,16.157185316085815,172,1
174,16.171066284179688,172,1
175,16.191610097885132,172,1
176,16.194283962249756,60,-1
177,16.206055164337158,172,1
178,16.229249715805054,60,-1
179,16.233516693115234,172,1
180,16.254571437835693,172,1
181,16.269283056259155,172,1
182,16.272941827774048,60,-1
183,16.283196926116943,172,1
184,16.306874752044678,60,-1
185,16.31760883331299,172,1
186,16.33205246925354,172,1
187,16.345978021621704,172,1
188,16.355671644210815,60,-1
189,16.366848707199097,172,1
190,16.383482217788696,60,-1
191,16.39530086517334,172,1
192,16.415618658065796,172,1
193,16.433571577072144,60,-1
194,16.45203185081482,172,1
195,16.45217990875244,172,1
196,16.478686809539795,172,1
197,16.4900062084198,60,-1
198,16.492676258087158,172,1
199,16.50709295272827,172,1
200,16.516287088394165,60,-1
201,16.527798414230347,172,1
202,16.544883012771606,60,-1
203,16.555556297302246,172,1
204,16.569990396499634,172,1
205,16.590479850769043,172,1
206,16.593077182769775,60,-1
207,16.604345560073853,172,1
208,16.628499269485474,60,-1
209,16.639971494674683,172,1
210,16.653383016586304,172,1
211,16.667450428009033,172,1
212,16.677886724472046,60,-1
213,16.682899475097656,172,1
214,16.70517921447754,60,-1
215,16.7165584564209,172,1
216,16.730467796325684,172,1
217,16.75387954711914,172,1
218,16.754337310791016,60,-1
219,16.765808820724487,172,1
220,16.79131293296814,60,-1
221,16.793357133865356,172,1
222,16.81453585624695,172,1
223,16.828861236572266,172,1
224,16.830732822418213,60,-1
225,16.842642545700073,172,1
226,16.866377353668213,60,-1
227,16.878119945526123,172,1
228,16.891796827316284,172,1
229,16.905646324157715,172,1
230,16.915547609329224,60,-1
231,16.927284479141235,172,1
232,16.943164110183716,60,-1
233,16.954540729522705,172,1
234,16.975889682769775,172,1
235,16.990290641784668,172,1
236,16.992374420166016,60,-1
237,17.00382113456726,172,1
238,17.028191804885864,60,-1
239,17.04120635986328,172,1
240,17.055079221725464,172,1
241,17.068485498428345,172,1
242,17.078691720962524,60,-1
243,17.087635040283203,172,1
244,17.10581946372986,60,-1
245,17.11633849143982,172,1
246,17.146721839904785,172,1
247,17.151413440704346,172,1
248,17.15455150604248,60,-1
249,17.165644884109497,172,1
250,17.189090967178345,60,-1
251,17.194944381713867,172,1
252,17.215135097503662,172,1
253,17.21602439880371,434,-1
254,17.229073762893677,136,1
255,17.22926425933838,92,1
256,17.230936765670776,712,-1
257,17.253211498260498,60,-1
258,17.266655445098877,60,-1
259,17.34183645248413,74,1
260,17.342202186584473,54,1
261,17.37917685508728,66,-1
262,17.38385772705078,54,1
263,17.42178988456726,60,-1
264,17.485993146896362,312,1
265,17.523378610610962,60,-1
266,17.52356743812561,191,-1
267,17.617514610290527,54,1
268,17.617790460586548,105,1
269,17.65414595603943,460,-1
270,17.66863250732422,54,1
271,17.668795585632324,74,1
272,17.702336311340332,60,-1
273,17.712791919708252,66,-1
274,17.763915061950684,286,1
275,17.794360876083374,1514,-1
276,17.794604539871216,190,1
277,17.79472017288208,1514,-1
278,17.794981718063354,1514,-1
279,17.795141220092773,1514,-1
280,17.795255184173584,1514,-1
281,17.79538083076477,1514,-1
282,17.795512914657593,1514,-1
283,17.795613765716553,1514,-1
284,17.795747995376587,1514,-1
285,17.79593515396118,1514,-1
286,17.79663848876953,1514,1
287,17.796674966812134,1514,1
288,17.796694040298462,1170,1
289,17.796724796295166,136,1
290,17.797022104263306,92,1
291,17.79718518257141,810,1
292,17.79734468460083,54,1
293,17.79749846458435,54,1
294,17.797581672668457,54,1
295,17.79825472831726,54,1
296,17.798418521881104,54,1
297,17.79976773262024,54,1
298,17.79987931251526,54,1
299,17.800631761550903,312,1
300,17.800830841064453,54,1
301,17.801615953445435,54,1
302,17.804620504379272,54,1
303,17.832074880599976,60,-1
304,17.838903427124023,60,-1
305,17.838908433914185,60,-1
306,17.839405298233032,1514,-1
307,17.840675592422485,1514,-1
308,17.840677738189697,60,-1
309,17.84179377555847,60,-1
310,17.841798543930054,191,-1
311,17.843939304351807,1514,-1
312,17.844143867492676,1514,-1
313,17.844480991363525,1514,-1
314,17.84481406211853,1514,-1
315,17.84522771835327,1514,-1
316,17.845391511917114,1514,-1
317,17.84546422958374,1514,-1
318,17.845654726028442,574,-1
319,17.845656156539917,419,-1
320,17.933250188827515,146,-1
321,17.933254957199097,92,-1
322,17.9356951713562,92,1
323,17.94036293029785,54,1
324,17.94766402244568,54,1
325,17.948083877563477,54,1
326,17.948187112808228,54,1
327,17.948277235031128,54,1
328,17.948364734649658,85,1
329,17.94844913482666,54,1
330,17.95361614227295,74,1
331,17.954696655273438,96,1
332,17.972909688949585,60,-1
333,17.98598003387451,60,-1
334,17.98739242553711,54,1
335,17.990110635757446,60,-1
336,17.99706244468689,66,-1
337,18.002324104309082,54,1
338,18.00405740737915,312,1
339,18.038126230239868,60,-1
340,18.043344020843506,60,-1
341,18.0434787273407,60,-1
342,18.043479681015015,191,-1
343,18.055037021636963,191,-1
344,18.057831287384033,54,1
345,18.058095932006836,66,1
346,18.058260202407837,105,1
347,18.08121132850647,287,1
348,18.10226821899414,190,1
349,18.103869199752808,1514,1
350,18.103964805603027,1514,1
351,18.104028940200806,1174,1
352,18.10620379447937,136,1
353,18.107210159301758,92,1
354,18.11869716644287,60,-1
355,18.12766122817993,640,1
356,18.129592895507812,1514,1
357,18.129698991775513,1514,1
358,18.129874229431152,1426,1
359,18.143186330795288,60,-1
360,18.143929719924927,60,-1
361,18.14429473876953,60,-1
362,18.14595651626587,787,1
363,18.147820234298706,60,-1
364,18.16529083251953,60,-1
365,18.171672105789185,60,-1
366,18.18404746055603,60,-1
367,18.191431045532227,419,-1
368,18.193461894989014,85,1
369,18.193636655807495,54,1
370,18.231462717056274,60,-1
371,18.234191179275513,54,1
372,18.237948179244995,60,-1
373,18.24286937713623,146,-1
374,18.242873191833496,92,-1
375,18.245035886764526,54,1
376,18.257176637649536,475,-1
377,18.266443967819214,146,-1
378,18.266446828842163,92,-1
379,18.268219232559204,74,1
380,18.26863670349121,54,1
381,18.28904891014099,146,-1
382,18.289051055908203,92,-1
383,18.291284799575806,54,1
384,18.30354619026184,66,-1
385,18.30528497695923,54,1
386,18.30682110786438,312,1
387,18.335257291793823,105,1
388,18.34166932106018,60,-1
389,18.34610605239868,60,-1
390,18.346415996551514,191,-1
391,18.348177671432495,54,1
392,18.348595142364502,105,1
393,18.41473698616028,60,-1
394,18.419535636901855,781,1
395,18.442142009735107,60,-1
396,18.443676233291626,798,1
397,18.45940089225769,60,-1
398,18.47114062309265,419,-1
399,18.47322177886963,54,1
400,18.47450017929077,85,1
401,18.474623441696167,54,1
402,18.480016708374023,60,-1
403,18.486942768096924,419,-1
404,18.495850563049316,85,1
405,18.496111392974854,54,1
406,18.515421628952026,60,-1
407,18.516911268234253,54,1
408,18.5309419631958,60,-1
409,18.5393009185791,60,-1
410,18.55204701423645,54,1
411,22.01240849494934,298,1
412,22.01266598701477,190,1
413,22.01913571357727,1514,1
414,22.019821882247925,1514,1
415,22.020142793655396,1175,1
416,22.020182371139526,136,1
417,22.02036762237549,92,1
418,22.053128719329834,60,-1
419,22.058468341827393,60,-1
420,22.066081762313843,60,-1
421,22.066341876983643,60,-1
422,22.073113679885864,288,1
423,22.073452472686768,1514,1
424,22.074554443359375,1514,1
425,22.074967861175537,1392,1
426,22.075056791305542,92,1
427,22.112926244735718,60,-1
428,22.11895489692688,60,-1
429,22.11895751953125,60,-1
430,22.118959188461304,60,-1
431,22.11896014213562,60,-1
432,22.182801961898804,146,-1
433,22.182804346084595,92,-1
434,22.18923568725586,54,1
435,22.293424129486084,146,-1
436,22.293426752090454,92,-1
437,22.30025815963745,54,1
438,22.515007734298706,287,1
439,22.515165090560913,190,1
440,22.51546049118042,1514,1
441,22.515485048294067,1514,1
442,22.515501022338867,1169,1
443,22.51551580429077,136,1
444,22.515640020370483,92,1
445,22.554601669311523,60,-1
446,22.554604053497314,60,-1
447,22.560694694519043,60,-1
448,22.560700178146362,60,-1
449,22.560701608657837,60,-1
450,22.560702800750732,60,-1
451,22.699799299240112,146,-1
452,22.699801921844482,92,-1
453,22.704586029052734,54,1
454,29.99986696243286,100,-1
455,30.018068552017212,100,1
456,30.05692148208618,60,-1
457,41.406005859375,287,1
458,41.40660357475281,190,1
459,41.407206535339355,1514,1
460,41.407527685165405,1514,1
461,41.40891909599304,1470,1
462,41.409120321273804,132,1
463,41.40945219993591,1514,1
464,41.41075778007507,294,1
465,41.42058992385864,286,1
466,41.42138314247131,190,1
467,41.424153566360474,74,1
468,41.44400429725647,60,-1
469,41.44558072090149,1514,1
470,41.44588923454285,1514,1
471,41.45032835006714,60,-1
472,41.45033025741577,60,-1
473,41.4505889415741,60,-1
474,41.45099401473999,60,-1
475,41.45099496841431,60,-1
476,41.454933166503906,1514,1
477,41.45511269569397,88,1
478,41.45894980430603,60,-1
479,41.46256113052368,66,-1
480,41.46308159828186,60,-1
481,41.46871519088745,54,1
482,41.47222018241882,312,1
483,41.48457598686218,60,-1
484,41.493048906326294,60,-1
485,41.5064172744751,60,-1
486,41.51221299171448,60,-1
487,41.51221489906311,191,-1
488,41.51856851577759,54,1
489,41.520171880722046,105,1
490,41.520601987838745,1514,1
491,41.522634983062744,1514,1
492,41.52268123626709,1514,1
493,41.522745847702026,1312,1
494,41.53395700454712,172,1
495,41.548128843307495,172,1
496,41.56487226486206,60,-1
497,41.56487536430359,60,-1
498,41.56589961051941,96,-1
499,41.56842064857483,172,1
500,41.57728552818298,146,-1
501,41.57728862762451,92,-1
502,41.58066391944885,54,1
503,41.59631586074829,172,1
504,41.60624957084656,60,-1
505,41.6062536239624,60,-1
506,41.609522104263306,768,1
507,41.61062979698181,172,1
508,41.64659810066223,60,-1
509,41.64731979370117,172,1
510,41.647525787353516,172,1
511,41.6517972946167,60,-1
512,41.65315771102905,419,-1
513,41.6587598323822,85,1
514,41.65906882286072,54,1
515,41.68010401725769,172,1
516,41.68515968322754,60,-1
517,41.69399094581604,172,1
518,41.69649863243103,60,-1
519,41.69794273376465,54,1
520,41.70088052749634,60,-1
521,41.70858573913574,172,1
522,41.7223117351532,172,1
523,41.73186492919922,60,-1
524,41.75726127624512,172,1
525,41.75936818122864,60,-1
526,41.771353244781494,172,1
527,41.79387831687927,172,1
528,41.80613946914673,172,1
529,41.80937886238098,60,-1
530,41.83425688743591,172,1
531,41.84408974647522,60,-1
532,41.85561776161194,172,1
533,41.87076234817505,172,1
534,41.88587474822998,172,1
535,41.893319606781006,60,-1
536,41.91852355003357,172,1
537,41.92354154586792,60,-1
538,41.924657106399536,286,1
539,41.92521834373474,190,1
540,41.93139147758484,1514,1
541,41.93318438529968,1514,1
542,41.93325757980347,1293,1
543,41.93373370170593,172,1
544,41.94653630256653,172,1
545,41.96708369255066,172,1
546,41.97021484375,60,-1
547,41.97686195373535,60,-1
548,41.994696855545044,172,1
549,42.004698753356934,60,-1
550,42.016459941864014,172,1
551,42.03004288673401,172,1
552,42.04374670982361,172,1
553,42.054142236709595,60,-1
554,42.075758934020996,146,-1
555,42.07621359825134,92,-1
556,42.07923626899719,172,1
557,42.092853307724,172,1
558,42.10770082473755,172,1
559,42.11736249923706,60,-1
560,42.12845015525818,172,1
561,42.14533543586731,60,-1
562,42.15585660934448,172,1
563,42.1700119972229,172,1
564,42.19101428985596,172,1
565,42.19332218170166,60,-1
566,42.20472049713135,172,1
567,42.228697061538696,60,-1
568,42.23993945121765,172,1
569,42.25412034988403,172,1
570,42.26825189590454,172,1
571,42.27764892578125,60,-1
572,42.283021688461304,172,1
573,42.30640411376953,60,-1
574,42.3503897190094,172,1
575,42.35057806968689,172,1
576,42.35262203216553,172,1
577,42.36703133583069,172,1
578,42.36814308166504,60,-1
579,42.3878071308136,60,-1
580,42.392571210861206,60,-1
581,42.39407277107239,172,1
582,42.40437698364258,60,-1
583,42.41544961929321,172,1
584,42.42988634109497,172,1
585,42.43163871765137,60,-1
586,42.44385385513306,172,1
587,42.453142166137695,60,-1
588,42.46810054779053,60,-1
589,42.48109006881714,172,1
590,42.481242179870605,60,-1
591,42.498120069503784,172,1
592,42.512081146240234,172,1
593,42.51890325546265,60,-1
594,42.52828502655029,172,1
595,42.537060499191284,60,-1
596,42.54981708526611,60,-1
597,42.55501699447632,172,1
598,42.56622529029846,60,-1
599,42.57601547241211,172,1
600,42.59097146987915,172,1
601,42.59238600730896,60,-1
602,42.60421061515808,172,1
603,42.61326289176941,60,-1
604,42.628254652023315,60,-1
605,42.63929796218872,172,1
606,42.65295195579529,172,1
607,42.65463948249817,60,-1
608,42.67001533508301,172,1
609,42.67734694480896,60,-1
610,42.68930530548096,172,1
611,42.69295597076416,60,-1
612,42.70772409439087,60,-1
613,42.716261863708496,172,1
614,42.7274010181427,60,-1
615,42.73067617416382,172,1
616,42.750957012176514,172,1
617,42.754284381866455,60,-1
618,42.76485276222229,172,1
619,42.77595615386963,60,-1
620,42.788522720336914,60,-1
621,42.80063056945801,172,1
622,42.80211925506592,60,-1
623,42.81416583061218,172,1
624,42.828311920166016,172,1
625,42.837889432907104,60,-1
626,42.843194007873535,172,1
627,42.851728200912476,60,-1
628,42.86598467826843,60,-1
629,42.87743353843689,172,1
630,42.880757331848145,60,-1
631,42.89130616188049,172,1
632,42.91464066505432,60,-1
633,42.91622614860535,172,1
634,42.9266722202301,172,1
635,42.93012857437134,60,-1
636,42.95397615432739,172,1
637,42.95409440994263,60,-1
638,42.964561223983765,60,-1
639,42.9752357006073,172,1
640,42.9889235496521,172,1
641,42.99227857589722,60,-1
642,43.00282096862793,172,1
643,43.01323699951172,60,-1
644,43.026854038238525,60,-1
645,43.04198670387268,60,-1
646,43.052438735961914,172,1
647,43.0570182800293,172,1
648,43.066128730773926,172,1
649,43.08767509460449,172,1
650,43.09008550643921,60,-1
651,43.09517192840576,60,-1
652,43.103448152542114,60,-1
653,43.1146354675293,172,1
654,43.12531924247742,60,-1
655,43.136130571365356,172,1
656,43.15051293373108,172,1
657,43.15335416793823,60,-1
658,43.16400861740112,172,1
659,43.17427396774292,60,-1
660,43.18849515914917,60,-1
661,43.19886827468872,172,1
662,43.20132398605347,60,-1
663,43.213316202163696,172,1
664,43.2272469997406,172,1
665,43.23663330078125,60,-1
666,43.24782156944275,172,1
667,43.25275707244873,434,-1
668,43.26439023017883,60,-1
669,43.265400409698486,136,1
670,43.26587533950806,92,1
671,43.2772650718689,718,-1
672,43.2823052406311,74,1
673,43.30308985710144,60,-1
674,43.318329095840454,66,-1
675,43.32354497909546,54,1
676,43.32566022872925,312,1
677,43.325862884521484,54,1
678,43.3483521938324,60,-1
679,43.35921096801758,60,-1
680,43.364346742630005,60,-1
681,43.36514115333557,191,-1
682,43.36668944358826,54,1
683,43.36719059944153,105,1
684,43.452064990997314,60,-1
685,43.45663070678711,811,1
686,43.49182987213135,60,-1
687,43.49858093261719,419,-1
688,43.50060558319092,85,1
689,43.50082087516785,54,1
690,43.53627109527588,60,-1
691,43.53760600090027,54,1
692,43.54096078872681,60,-1
693,43.796345710754395,460,-1
694,43.801844120025635,54,1
695,43.812251329422,79,1
696,43.83626198768616,287,1
697,43.836968660354614,190,1
698,43.837358713150024,95,-1
699,43.83774399757385,1514,1
700,43.8386754989624,1514,1
701,43.83872652053833,1169,1
702,43.83886361122131,136,1
703,43.83903741836548,92,1
704,43.841058015823364,74,1
705,43.8742516040802,60,-1
706,43.88002061843872,60,-1
707,43.88039994239807,60,-1
708,43.880406856536865,60,-1
709,43.88041019439697,60,-1
710,43.880412340164185,60,-1
711,43.8805718421936,66,-1
712,43.880573749542236,60,-1
713,43.8830144405365,54,1
714,43.88469195365906,312,1
715,43.92199110984802,60,-1
716,43.92555832862854,60,-1
717,43.926456689834595,191,-1
718,43.933279514312744,54,1
719,43.933732748031616,105,1
720,43.94996356964111,1514,-1
721,43.9501473903656,1514,-1
722,43.950262784957886,1514,-1
723,43.95040583610535,1514,-1
724,43.95058512687683,1514,-1
725,43.950762033462524,1514,-1
726,43.95088720321655,1514,-1
727,43.951003551483154,1514,-1
728,43.951133012771606,1514,-1
729,43.95132803916931,1514,-1
730,43.95186471939087,54,1
731,43.95275402069092,54,1
732,43.953041076660156,54,1
733,43.95389485359192,54,1
734,43.9541392326355,54,1
735,43.95503044128418,54,1
736,43.955175161361694,54,1
737,43.96104335784912,54,1
738,43.9612181186676,54,1
739,43.989790201187134,1514,-1
740,43.99009609222412,1514,-1
741,43.99477195739746,1514,-1
742,43.99498224258423,1514,-1
743,43.99512457847595,1514,-1
744,43.99524521827698,1514,-1
745,43.99537372589111,1514,-1
746,43.99555969238281,1514,-1
747,43.99556064605713,1514,-1
748,43.995726108551025,662,-1
749,43.99619746208191,54,1
750,43.99826431274414,54,1
751,43.99847745895386,54,1
752,44.000200271606445,54,1
753,44.00037431716919,54,1
754,44.010987281799316,96,1
755,44.0130352973938,74,1
756,44.020228147506714,60,-1
757,44.0219349861145,782,1
758,44.04858040809631,60,-1
759,44.05405640602112,66,-1
760,44.058748722076416,54,1
761,44.06012296676636,60,-1
762,44.061110496520996,312,1
763,44.06635069847107,419,-1
764,44.07287120819092,85,1
765,44.073105812072754,54,1
766,44.09743356704712,60,-1
767,44.10150504112244,60,-1
768,44.101834774017334,191,-1
769,44.11029005050659,60,-1
770,44.110291481018066,60,-1
771,44.11432075500488,54,1
772,44.1144962310791,54,1
773,44.130470752716064,105,1
774,44.163947105407715,287,1
775,44.18009972572327,190,1
776,44.18114972114563,1514,1
777,44.18147826194763,1514,1
778,44.181947231292725,1174,1
779,44.181968688964844,136,1
780,44.18243193626404,92,1
781,44.201495885849,60,-1
782,44.214842081069946,60,-1
783,44.21826982498169,60,-1
784,44.21879434585571,287,1
785,44.21915245056152,1514,1
786,44.22095561027527,1514,1
787,44.22097826004028,788,1
788,44.22099328041077,1306,1
789,44.221009492874146,136,1
790,44.221107482910156,92,1
791,44.224514961242676,60,-1
792,44.22451615333557,60,-1
793,44.257014989852905,60,-1
794,44.26261639595032,60,-1
795,44.26298975944519,60,-1
796,44.26818609237671,419,-1
797,44.270058155059814,85,1
798,44.27024531364441,54,1
799,44.308565855026245,60,-1
800,44.31297492980957,54,1
801,44.34014630317688,146,-1
802,44.34014868736267,92,-1
803,44.345826148986816,54,1
804,44.40389084815979,146,-1
805,44.40389347076416,92,-1
806,44.40908098220825,54,1
807,44.548123598098755,475,-1
808,44.55903196334839,74,1
809,44.5852575302124,54,1
810,44.58688521385193,146,-1
811,44.5868866443634,92,-1
812,44.59105682373047,54,1
813,44.59127402305603,54,1
814,44.5957612991333,66,-1
815,44.59705376625061,54,1
816,44.598663330078125,312,1
817,44.63715696334839,60,-1
818,44.637287855148315,60,-1
819,44.63728880882263,191,-1
820,44.64227747917175,54,1
821,44.6426146030426,105,1
822,44.72531533241272,60,-1
823,44.7302188873291,799,1
824,44.76576542854309,60,-1
825,44.770328760147095,419,-1
826,44.77236533164978,85,1
827,44.772541999816895,54,1
828,44.82881188392639,60,-1
829,44.83033990859985,54,1
830,48.05514144897461,287,1
831,48.05544829368591,190,1
832,48.055856466293335,1514,1
833,48.055898904800415,1514,1
834,48.05592918395996,1174,1
835,48.055976152420044,136,1
836,48.05613303184509,92,1
837,48.093738317489624,60,-1
838,48.09925127029419,287,1
839,48.09954118728638,60,-1
840,48.09978485107422,60,-1
841,48.09981632232666,60,-1
842,48.09981870651245,60,-1
843,48.099820375442505,60,-1
844,48.10062313079834,190,1
845,48.10233163833618,1514,1
846,48.103522300720215,1514,1
847,48.10356426239014,1174,1
848,48.103622913360596,136,1
849,48.10467505455017,92,1
850,48.13749980926514,60,-1
851,48.143261671066284,60,-1
852,48.14427709579468,60,-1
853,48.144280672073364,60,-1
854,48.14428234100342,60,-1
855,48.14802050590515,60,-1
856,48.198848247528076,146,-1
857,48.1988525390625,92,-1
858,48.20403456687927,54,1
859,48.204222440719604,54,1
860,48.36951208114624,146,-1
861,48.369516134262085,92,-1
862,48.37446689605713,54,1
863,48.37465190887451,54,1
864,48.562737703323364,288,1
865,48.56375980377197,190,1
866,48.563897371292114,1514,1
867,48.56394028663635,1514,1
868,48.56417751312256,1169,1
869,48.564220905303955,136,1
870,48.564372062683105,92,1
871,48.60444641113281,60,-1
872,48.60445213317871,60,-1
873,48.6044545173645,60,-1
874,48.60445690155029,60,-1
875,48.604458808898926,60,-1
876,48.604732036590576,60,-1
877,48.604734659194946,60,-1
878,48.60473656654358,96,-1
879,48.61053705215454,54,1
880,48.71756052970886,146,-1
881,48.71756291389465,92,-1
882,48.72255229949951,54,1
883,48.72270488739014,54,1
884,60.00023651123047,100,-1
885,60.00956153869629,54,1
886,60.00979924201965,100,1
887,60.09852457046509,60,-1
888,63.44871497154236,66,-1
889,63.48560547828674,66,1
890,79.19730877876282,640,1
891,79.1976535320282,190,1
892,79.20398306846619,1514,1
893,79.20468544960022,1514,1
894,79.20617890357971,1470,1
895,79.21062397956848,132,1
896,79.2118673324585,1514,1
897,79.21196413040161,1514,1
898,79.21208143234253,1514,1
899,79.21211743354797,1514,1
900,79.23640370368958,74,1
901,79.23809146881104,60,-1
902,79.24366164207458,688,1
903,79.24405288696289,60,-1
904,79.24405527114868,60,-1
905,79.25076818466187,60,-1
906,79.25077176094055,60,-1
907,79.25478601455688,60,-1
908,79.25478959083557,60,-1
909,79.25479197502136,60,-1
910,79.2552969455719,60,-1
911,79.25596308708191,60,-1
912,79.27800393104553,66,-1
913,79.279217004776,1514,1
914,79.27964472770691,1514,1
915,79.28062009811401,1514,1
916,79.28066825866699,1392,1
917,79.28072881698608,54,1
918,79.28187465667725,312,1
919,79.28206062316895,60,-1
920,79.30756402015686,172,1
921,79.3082230091095,172,1
922,79.3175539970398,60,-1
923,79.32395243644714,60,-1
924,79.32395529747009,60,-1
925,79.32768607139587,172,1
926,79.32858729362488,60,-1
927,79.32859015464783,60,-1
928,79.32874512672424,191,-1
929,79.33075141906738,54,1
930,79.33120512962341,105,1
931,79.34486317634583,60,-1
932,79.34944891929626,60,-1
933,79.35540103912354,146,-1
934,79.35540318489075,92,-1
935,79.35555577278137,172,1
936,79.35734272003174,54,1
937,79.37723445892334,172,1
938,79.39082288742065,172,1
939,79.39296793937683,60,-1
940,79.40447235107422,172,1
941,79.41738557815552,60,-1
942,79.41930651664734,765,1
943,79.42904472351074,60,-1
944,79.45334100723267,172,1
945,79.45417141914368,172,1
946,79.4602472782135,60,-1
947,79.46712803840637,419,-1
948,79.4678385257721,172,1
949,79.46924185752869,85,1
950,79.46943187713623,54,1
951,79.48821878433228,172,1
952,79.48859214782715,60,-1
953,79.49132704734802,60,-1
954,79.49617147445679,60,-1
955,79.50578951835632,60,-1
956,79.51409649848938,60,-1
957,79.51604223251343,54,1
958,79.51625299453735,172,1
959,79.52567386627197,60,-1
960,79.537180185318,172,1
961,79.55147790908813,172,1
962,79.553790807724,60,-1
963,79.56546115875244,172,1
964,79.57572937011719,60,-1
965,79.58959746360779,60,-1
966,79.60038924217224,172,1
967,79.6032247543335,60,-1
968,79.61399149894714,172,1
969,79.62841439247131,172,1
970,79.63806438446045,60,-1
971,79.64240431785583,172,1
972,79.65094566345215,60,-1
973,79.66650652885437,60,-1
974,79.67813086509705,172,1
975,79.6801769733429,60,-1
976,79.69140434265137,172,1
977,79.71215653419495,172,1
978,79.71596455574036,60,-1
979,79.71643900871277,286,1
980,79.71762585639954,190,1
981,79.71892786026001,1514,1
982,79.71945095062256,1514,1
983,79.71947526931763,1173,1
984,79.7194926738739,136,1
985,79.71961307525635,92,1
986,79.72611236572266,172,1
987,79.7292046546936,60,-1
988,79.74946761131287,60,-1
989,79.7543113231659,172,1
990,79.75505590438843,60,-1
991,79.76087093353271,60,-1
992,79.76134490966797,60,-1
993,79.76507306098938,60,-1
994,79.7752935886383,172,1
995,79.78929710388184,172,1
996,79.7915563583374,60,-1
997,79.80340313911438,172,1
998,79.81360459327698,60,-1
999,79.82695078849792,60,-1
1000,79.83836913108826,172,1
1001,79.84241914749146,60,-1
1002,79.85225009918213,172,1
1003,79.86143445968628,148,-1
1004,79.86143660545349,92,-1
1005,79.86545252799988,54,1
1006,79.8687436580658,172,1
1007,79.88740921020508,172,1
1008,79.88963961601257,60,-1
1009,79.91498041152954,172,1
1010,79.92708277702332,60,-1
1011,79.93644309043884,172,1
1012,79.95024919509888,172,1
1013,79.96392822265625,172,1
1014,79.97406196594238,60,-1
1015,79.99943900108337,172,1
1016,80.00174450874329,60,-1
1017,80.01312184333801,172,1
1018,80.02751517295837,172,1
1019,80.0509831905365,60,-1
1020,80.05117797851562,172,1
1021,80.07615923881531,172,1
1022,80.08896207809448,60,-1
1023,80.09105443954468,172,1
1024,80.11140894889832,172,1
1025,80.12874054908752,60,-1
1026,80.15316653251648,172,1
1027,80.16017651557922,172,1
1028,80.17412257194519,172,1
1029,80.18843150138855,172,1
1030,80.19120478630066,60,-1
1031,80.20200538635254,172,1
1032,80.2121090888977,60,-1
1033,80.23914313316345,60,-1
1034,80.24196863174438,172,1
1035,80.25601744651794,172,1
1036,80.27338528633118,172,1
1037,80.28646183013916,172,1
1038,80.29540252685547,60,-1
1039,80.31395196914673,172,1
1040,80.32459497451782,60,-1
1041,80.33520412445068,172,1
1042,80.34962677955627,172,1
1043,80.36338329315186,172,1
1044,80.37293577194214,60,-1
1045,80.39927101135254,172,1
1046,80.40097999572754,60,-1
1047,80.41551804542542,172,1
1048,80.42841124534607,172,1
1049,80.44749474525452,172,1
1050,80.45374751091003,60,-1
1051,80.47526597976685,172,1
1052,80.48484086990356,60,-1
1053,80.49609184265137,172,1
1054,80.51019477844238,172,1
1055,80.52423882484436,172,1
1056,80.53369402885437,60,-1
1057,80.55919694900513,172,1
1058,80.5620858669281,60,-1
1059,80.5732913017273,172,1
1060,80.58788514137268,172,1
1061,80.60927557945251,172,1
1062,80.61093187332153,60,-1
1063,80.63796758651733,172,1
1064,80.64760231971741,60,-1
1065,80.65176844596863,172,1
1066,80.67116045951843,172,1
1067,80.68488097190857,172,1
1068,80.69012141227722,60,-1
1069,80.72067046165466,172,1
1070,80.7222888469696,60,-1
1071,80.73390936851501,172,1
1072,80.74821281433105,172,1
1073,80.76287317276001,172,1
1074,80.77100110054016,60,-1
1075,80.79731845855713,172,1
1076,80.80094933509827,60,-1
1077,80.8113203048706,172,1
1078,80.8488118648529,60,-1
1079,80.85074734687805,172,1
1080,80.85084462165833,172,1
1081,80.87420892715454,172,1
1082,80.89254021644592,60,-1
1083,80.8956298828125,172,1
1084,80.91084504127502,172,1
1085,80.92324638366699,172,1
1086,80.93266010284424,60,-1
1087,80.9584379196167,172,1
1088,80.96085143089294,60,-1
1089,80.97204661369324,172,1
1090,80.98614025115967,172,1
1091,81.00759840011597,172,1
1092,81.00974440574646,60,-1
1093,81.0349338054657,172,1
1094,81.04558229446411,60,-1
1095,81.05629539489746,172,1
1096,81.07529735565186,172,1
1097,81.08429980278015,172,1
1098,81.09371256828308,60,-1
1099,81.1193335056305,172,1
1100,81.12167859077454,60,-1
1101,81.13359451293945,172,1
1102,81.14750576019287,172,1
1103,81.16837811470032,172,1
1104,81.17117285728455,60,-1
1105,81.19661569595337,172,1
1106,81.20569014549255,60,-1
1107,81.21426820755005,172,1
1108,81.23105144500732,172,1
1109,81.245290517807,172,1
1110,81.25210475921631,60,-1
1111,81.28094053268433,172,1
1112,81.28294897079468,60,-1
1113,81.29387092590332,172,1
1114,81.30811405181885,172,1
1115,81.3220546245575,172,1
1116,81.33100962638855,60,-1
1117,81.35975289344788,172,1
1118,81.35985994338989,60,-1
1119,81.3716607093811,172,1
1120,81.39214849472046,172,1
1121,81.40617203712463,172,1
1122,81.41008043289185,60,-1
1123,81.43425798416138,172,1
1124,81.4440689086914,60,-1
1125,81.45513463020325,172,1
1126,81.46925163269043,172,1
1127,81.48377418518066,172,1
1128,81.4929370880127,60,-1
1129,81.51962232589722,172,1
1130,81.52163767814636,60,-1
1131,81.55316281318665,172,1
1132,81.55331468582153,172,1
1133,81.56805300712585,172,1
1134,81.59013295173645,60,-1
1135,81.5952033996582,172,1
1136,81.60563278198242,60,-1
1137,81.61681509017944,172,1
1138,81.63043761253357,172,1
1139,81.64471983909607,172,1
1140,81.65431547164917,60,-1
1141,81.67873096466064,172,1
1142,81.68259525299072,60,-1
1143,81.69242405891418,172,1
1144,81.70733571052551,172,1
1145,81.71654343605042,434,-1
1146,81.73037481307983,712,-1
1147,81.74294352531433,54,1
1148,81.74320459365845,136,1
1149,81.74388337135315,92,1
1150,81.74474573135376,60,-1
1151,81.76432824134827,74,1
1152,81.78554630279541,60,-1
1153,81.80048441886902,66,-1
1154,81.80207657814026,54,1
1155,81.80366516113281,312,1
1156,81.83760142326355,60,-1
1157,81.84282231330872,60,-1
1158,81.84282445907593,191,-1
1159,81.84440875053406,54,1
1160,81.84478521347046,105,1
1161,81.930171251297,60,-1
1162,81.93537044525146,810,1
1163,81.97934460639954,60,-1
1164,81.99699568748474,419,-1
1165,82.00018262863159,85,1
1166,82.00035834312439,54,1
1167,82.0353991985321,60,-1
1168,82.03788423538208,54,1
1169,82.03997325897217,60,-1
1170,82.22362184524536,460,-1
1171,82.25774359703064,74,1
1172,82.26877498626709,288,1
1173,82.27025890350342,190,1
1174,82.27063274383545,1514,1
1175,82.27098655700684,1514,1
1176,82.2713212966919,1169,1
1177,82.27169108390808,136,1
1178,82.27281737327576,92,1
1179,82.29379630088806,66,-1
1180,82.29520511627197,54,1
1181,82.29726266860962,312,1
1182,82.30952286720276,1514,-1
1183,82.30965828895569,1514,-1
1184,82.30982708930969,1514,-1
1185,82.30996179580688,1514,-1
1186,82.3100814819336,1514,-1
1187,82.31020593643188,1514,-1
1188,82.31033205986023,1514,-1
1189,82.310462474823,1514,-1
1190,82.31064462661743,1514,-1
1191,82.31087589263916,1514,-1
1192,82.31207847595215,54,1
1193,82.31294202804565,54,1
1194,82.3130612373352,60,-1
1195,82.31527161598206,54,1
1196,82.31545090675354,54,1
1197,82.3213255405426,54,1
1198,82.33019495010376,60,-1
1199,82.33495044708252,60,-1
1200,82.3356523513794,191,-1
1201,82.33736896514893,54,1
1202,82.33940243721008,105,1
1203,82.35005855560303,1514,-1
1204,82.35052061080933,1514,-1
1205,82.35081696510315,1514,-1
1206,82.35113000869751,1514,-1
1207,82.35210180282593,54,1
1208,82.35363674163818,54,1
1209,82.35481309890747,1514,-1
1210,82.35498237609863,1514,-1
1211,82.35515356063843,1514,-1
1212,82.3553318977356,1514,-1
1213,82.35539484024048,1514,-1
1214,82.35554838180542,574,-1
1215,82.35748672485352,54,1
1216,82.36237287521362,54,1
1217,82.3625271320343,54,1
1218,82.36805248260498,74,1
1219,82.4037253856659,66,-1
1220,82.40550804138184,54,1
1221,82.41125106811523,312,1
1222,82.41848564147949,60,-1
1223,82.41967868804932,147,-1
1224,82.41967988014221,92,-1
1225,82.41990089416504,778,1
1226,82.42458724975586,54,1
1227,82.44175672531128,60,-1
1228,82.44642233848572,60,-1
1229,82.44662976264954,191,-1
1230,82.45011138916016,54,1
1231,82.45027232170105,105,1
1232,82.45629239082336,60,-1
1233,82.46069574356079,419,-1
1234,82.46292424201965,85,1
1235,82.46308445930481,54,1
1236,82.49934387207031,60,-1
1237,82.50362658500671,54,1
1238,82.53526210784912,60,-1
1239,82.53659462928772,785,1
1240,82.57200241088867,60,-1
1241,82.57842326164246,419,-1
1242,82.60128092765808,85,1
1243,82.6014552116394,54,1
1244,82.62223052978516,287,1
1245,82.62468147277832,190,1
1246,82.62511157989502,1514,1
1247,82.6267192363739,1514,1
1248,82.62674069404602,1256,1
1249,82.62706327438354,92,1
1250,82.64146947860718,60,-1
1251,82.6428496837616,54,1
1252,82.66592073440552,60,-1
1253,82.66630935668945,60,-1
1254,82.68498992919922,287,1
1255,82.68558096885681,190,1
1256,82.68715906143188,1514,1
1257,82.68789172172546,1514,1
1258,82.68799948692322,1170,1
1259,82.68804430961609,136,1
1260,82.68817949295044,92,1
1261,82.72897481918335,60,-1
1262,82.72948694229126,60,-1
1263,82.77722096443176,146,-1
1264,82.77722334861755,92,-1
1265,82.78302836418152,54,1
1266,82.82246780395508,146,-1
1267,82.82247018814087,92,-1
1268,82.82659912109375,54,1
1269,82.85040807723999,475,-1
1270,82.85869884490967,74,1
1271,82.8856589794159,146,-1
1272,82.885662317276,92,-1
1273,82.8872082233429,54,1
1274,82.89660620689392,66,-1
1275,82.89786338806152,54,1
1276,82.89957594871521,312,1
1277,82.94381356239319,60,-1
1278,82.95002818107605,60,-1
1279,82.95005369186401,191,-1
1280,82.95871043205261,54,1
1281,82.95976424217224,54,1
1282,82.96070981025696,105,1
1283,83.04338598251343,60,-1
1284,83.04532551765442,796,1
1285,83.08302354812622,60,-1
1286,83.08972573280334,419,-1
1287,83.09258604049683,85,1
1288,83.0927414894104,54,1
1289,83.13068771362305,60,-1
1290,83.1353452205658,54,1
1291,86.45110535621643,287,1
1292,86.45144963264465,190,1
1293,86.45256733894348,1514,1
1294,86.45263886451721,1514,1
1295,86.45267868041992,1294,1
1296,86.48149585723877,287,1
1297,86.48208117485046,190,1
1298,86.48300504684448,1514,1
1299,86.48475503921509,1514,1
1300,86.48479509353638,1174,1
1301,86.49577927589417,60,-1
1302,86.49742722511292,174,1
1303,86.51965022087097,60,-1
1304,86.52547144889832,60,-1
1305,86.53708720207214,60,-1
1306,86.70948338508606,146,-1
1307,86.70948696136475,92,-1
1308,86.71381497383118,146,-1
1309,86.7138180732727,92,-1
1310,86.7171139717102,54,1
1311,86.71745729446411,54,1
1312,86.71760439872742,54,1
1313,86.71773624420166,54,1
1314,86.93276929855347,287,1
1315,86.93309497833252,190,1
1316,86.9331316947937,1514,1
1317,86.93338322639465,1514,1
1318,86.93340826034546,1169,1
1319,86.9334237575531,136,1
1320,86.93350768089294,92,1
1321,86.97106289863586,60,-1
1322,86.97610211372375,60,-1
1323,87.07661294937134,146,-1
1324,87.07661485671997,92,-1
1325,87.08395266532898,54,1
1326,87.08414316177368,54,1
1327,88.1795539855957,295,1
1328,88.22437906265259,146,-1
1329,88.31113362312317,54,1
1330,90.00003027915955,100,-1
1331,90.00483679771423,54,1
1332,90.01117300987244,100,1
1333,90.09920382499695,60,-1
1334,114.56660270690918,286,1
1335,114.57144808769226,190,1
1336,114.57391142845154,1514,1
1337,114.57395768165588,1514,1
1338,114.57399153709412,1514,1
1339,114.5740237236023,1514,1
1340,114.57405638694763,280,1
1341,114.57967376708984,286,1
1342,114.58123731613159,190,1
1343,114.58187103271484,1514,1
1344,114.58191418647766,79,1
1345,114.60479378700256,60,-1
1346,114.60687232017517,1514,1
1347,114.6085262298584,1514,1
1348,114.60930323600769,95,-1
1349,114.60966777801514,60,-1
1350,114.61198282241821,87,1
1351,114.61240434646606,74,1
1352,114.61535978317261,60,-1
1353,114.61536192893982,60,-1
1354,114.61608839035034,60,-1
1355,114.6160900592804,60,-1
1356,114.62057900428772,60,-1
1357,114.62058162689209,60,-1
1358,114.62084174156189,60,-1
1359,114.64241933822632,1514,1
1360,114.64422512054443,1514,1
1361,114.64428734779358,1514,1
1362,114.64435076713562,1392,1
1363,114.64843988418579,60,-1
1364,114.64844274520874,60,-1
1365,114.65280246734619,66,-1
1366,114.6528046131134,60,-1
1367,114.65620684623718,172,1
1368,114.65636944770813,54,1
1369,114.65741658210754,312,1
1370,114.68111562728882,60,-1
1371,114.6835126876831,172,1
1372,114.68753981590271,60,-1
1373,114.6875422000885,60,-1
1374,114.68836760520935,96,-1
1375,114.69407558441162,60,-1
1376,114.6987566947937,60,-1
1377,114.69899606704712,191,-1
1378,114.70062208175659,54,1
1379,114.70109057426453,105,1
1380,114.70407819747925,172,1
1381,114.71828079223633,172,1
1382,114.72148942947388,60,-1
1383,114.73109817504883,146,-1
1384,114.7311007976532,92,-1
1385,114.73206853866577,172,1
1386,114.73272514343262,54,1
1387,114.75698804855347,60,-1
1388,114.766441822052,172,1
1389,114.78052854537964,172,1
1390,114.78757977485657,60,-1
1391,114.78920912742615,765,1
1392,114.794682264328,172,1
1393,114.80446863174438,60,-1
1394,114.8154468536377,172,1
1395,114.82694911956787,60,-1
1396,114.83216691017151,60,-1
1397,114.83317303657532,419,-1
1398,114.83520555496216,85,1
1399,114.83535623550415,54,1
1400,114.84374284744263,172,1
1401,114.86429333686829,172,1
1402,114.87520575523376,60,-1
1403,114.87789607048035,54,1
1404,114.87817168235779,172,1
1405,114.88426160812378,60,-1
1406,114.89140820503235,172,1
1407,114.91563057899475,60,-1
1408,114.92661714553833,172,1
1409,114.94062447547913,172,1
1410,114.95441913604736,172,1
1411,114.96424126625061,60,-1
1412,114.97575783729553,172,1
1413,114.992107629776,60,-1
1414,115.00317358970642,172,1
1415,115.02425479888916,172,1
1416,115.03871369361877,172,1
1417,115.04324889183044,60,-1
1418,115.05206179618835,172,1
1419,115.07978773117065,60,-1
1420,115.08004951477051,285,1
1421,115.083824634552,190,1
1422,115.08578205108643,1514,1
1423,115.08851051330566,1514,1
1424,115.08860349655151,1293,1
1425,115.0888364315033,172,1
1426,115.10095381736755,172,1
1427,115.11415147781372,172,1
1428,115.11822509765625,60,-1
1429,115.12955975532532,60,-1
1430,115.12956523895264,60,-1
1431,115.13880586624146,60,-1
1432,115.1484489440918,172,1
1433,115.16359877586365,172,1
1434,115.18453621864319,172,1
1435,115.1893904209137,60,-1
1436,115.1985399723053,172,1
1437,115.21280407905579,172,1
1438,115.22527480125427,60,-1
1439,115.23847818374634,146,-1
1440,115.23848056793213,92,-1
1441,115.24063205718994,54,1
1442,115.24849772453308,172,1
1443,115.26214861869812,172,1
1444,115.27631568908691,172,1
1445,115.28633308410645,60,-1
1446,115.29013562202454,172,1
1447,115.324471950531,172,1
1448,115.33860898017883,172,1
1449,115.34225559234619,60,-1
1450,115.35954022407532,172,1
1451,115.36767482757568,60,-1
1452,115.37826991081238,172,1
1453,115.39721131324768,60,-1
1454,115.41180324554443,172,1
1455,115.42283582687378,172,1
1456,115.43650698661804,172,1
1457,115.44920086860657,60,-1
1458,115.45096683502197,172,1
1459,115.47394466400146,60,-1
1460,115.48522996902466,172,1
1461,115.50104141235352,172,1
1462,115.52262020111084,60,-1
1463,115.52311539649963,172,1
1464,115.5366199016571,172,1
1465,115.5627212524414,172,1
1466,115.56284379959106,60,-1
1467,115.58345460891724,172,1
1468,115.59739685058594,172,1
1469,115.61006045341492,60,-1
1470,115.61129331588745,172,1
1471,115.6378002166748,60,-1
1472,115.64637088775635,172,1
1473,115.6604516506195,172,1
1474,115.67448949813843,172,1
1475,115.68442130088806,60,-1
1476,115.69594478607178,172,1
1477,115.71196365356445,60,-1
1478,115.72347831726074,172,1
1479,115.73758363723755,172,1
1480,115.75874638557434,172,1
1481,115.76147270202637,60,-1
1482,115.77236938476562,172,1
1483,115.79690599441528,60,-1
1484,115.80812430381775,172,1
1485,115.82453274726868,172,1
1486,115.84777760505676,60,-1
1487,115.84833216667175,172,1
1488,115.85537767410278,172,1
1489,115.88415384292603,172,1
1490,115.90488624572754,60,-1
1491,115.92208337783813,60,-1
1492,115.98109078407288,172,1
1493,115.98132395744324,172,1
1494,115.98159050941467,172,1
1495,115.98173689842224,172,1
1496,115.98186707496643,172,1
1497,115.995614528656,172,1
1498,116.01644897460938,172,1
1499,116.0193829536438,60,-1
1500,116.0244972705841,60,-1
1501,116.05646228790283,60,-1
1502,116.12046885490417,172,1
1503,116.12076449394226,172,1
1504,116.12090063095093,172,1
1505,116.12105798721313,172,1
1506,116.12869787216187,172,1
1507,116.14243745803833,172,1
1508,116.1565580368042,172,1
1509,116.15823149681091,60,-1
1510,116.16274118423462,60,-1
1511,116.17388415336609,172,1
1512,116.18059492111206,60,-1
1513,116.21124863624573,60,-1
1514,116.22381544113159,172,1
1515,116.22686910629272,172,1
1516,116.25096988677979,172,1
1517,116.25473022460938,172,1
1518,116.26729416847229,60,-1
1519,116.28284931182861,172,1
1520,116.29336452484131,60,-1
1521,116.30357718467712,172,1
1522,116.3195469379425,172,1
1523,116.33146452903748,172,1
1524,116.34280824661255,60,-1
1525,116.36970686912537,60,-1
1526,116.36995148658752,172,1
1527,116.3862714767456,172,1
1528,116.39688444137573,172,1
1529,116.42406129837036,60,-1
1530,116.433438539505,172,1
1531,116.44403648376465,172,1
1532,116.46374201774597,172,1
1533,116.47047924995422,60,-1
1534,116.50132703781128,60,-1
1535,116.56837368011475,172,1
1536,116.5686719417572,172,1
1537,116.56886911392212,172,1
1538,116.56899738311768,172,1
1539,116.56978106498718,172,1
1540,116.57540202140808,172,1
1541,116.60369062423706,172,1
1542,116.60661625862122,60,-1
1543,116.61126899719238,60,-1
1544,116.61583709716797,60,-1
1545,116.62587666511536,172,1
1546,116.63830494880676,172,1
1547,116.65258359909058,172,1
1548,116.66388177871704,60,-1
1549,116.68763041496277,172,1
1550,116.69017028808594,60,-1
1551,116.70176362991333,172,1
1552,116.71543788909912,172,1
1553,116.73652958869934,172,1
1554,116.73929381370544,60,-1
1555,116.76468324661255,172,1
1556,116.77418208122253,60,-1
1557,116.77894473075867,172,1
1558,116.79959392547607,172,1
1559,116.81358551979065,172,1
1560,116.81718707084656,60,-1
1561,116.84846472740173,172,1
1562,116.85135960578918,60,-1
1563,116.86238050460815,172,1
1564,116.8765516281128,172,1
1565,116.89118909835815,172,1
1566,116.90022325515747,60,-1
1567,116.92528033256531,172,1
1568,116.92931127548218,60,-1
1569,116.93950510025024,172,1
1570,116.96189665794373,172,1
1571,116.97447323799133,172,1
1572,116.97718977928162,60,-1
1573,117.002849817276,172,1
1574,117.01242446899414,60,-1
1575,117.02375340461731,172,1
1576,117.03786087036133,172,1
1577,117.05189990997314,172,1
1578,117.06131386756897,60,-1
1579,117.08746457099915,172,1
1580,117.08951735496521,60,-1
1581,117.10119271278381,172,1
1582,117.11441326141357,172,1
1583,117.13766312599182,172,1
1584,117.13894033432007,60,-1
1585,117.16350054740906,172,1
1586,117.17025399208069,434,-1
1587,117.17737340927124,136,1
1588,117.17762017250061,92,1
1589,117.18797707557678,712,-1
1590,117.20639371871948,74,1
1591,117.21450471878052,60,-1
1592,117.24162435531616,66,-1
1593,117.25393533706665,54,1
1594,117.25419592857361,54,1
1595,117.25451517105103,312,1
1596,117.27898240089417,60,-1
1597,117.29344749450684,60,-1
1598,117.29435443878174,60,-1
1599,117.29436039924622,191,-1
1600,117.29623556137085,54,1
1601,117.2983775138855,105,1
1602,117.38685488700867,60,-1
1603,117.39162826538086,810,1
1604,117.42665481567383,60,-1
1605,117.430743932724,419,-1
1606,117.43587112426758,85,1
1607,117.43604063987732,54,1
1608,117.47308564186096,60,-1
1609,117.47536134719849,60,-1
1610,117.47764182090759,54,1
1611,117.6879312992096,460,-1
1612,117.69291377067566,54,1
1613,117.6983277797699,74,1
1614,117.71548652648926,287,1
1615,117.71614289283752,190,1
1616,117.72399401664734,1514,1
1617,117.724360704422,1514,1
1618,117.72568535804749,1289,1
1619,117.73996329307556,66,-1
1620,117.74361205101013,54,1
1621,117.74531030654907,312,1
1622,117.75333857536316,60,-1
1623,117.75834822654724,60,-1
1624,117.76409840583801,60,-1
1625,117.76939916610718,60,-1
1626,117.78492736816406,60,-1
1627,117.79012799263,191,-1
1628,117.79013133049011,60,-1
1629,117.79184889793396,54,1
1630,117.79206395149231,54,1
1631,117.79355597496033,105,1
1632,117.82823181152344,1514,-1
1633,117.82842206954956,1514,-1
1634,117.82855725288391,1514,-1
1635,117.82867217063904,1514,-1
1636,117.82879424095154,1514,-1
1637,117.82891774177551,1514,-1
1638,117.82905960083008,1514,-1
1639,117.82927536964417,1514,-1
1640,117.82937693595886,1514,-1
1641,117.82958102226257,1514,-1
1642,117.83384728431702,54,1
1643,117.83477139472961,54,1
1644,117.83644938468933,54,1
1645,117.83660769462585,54,1
1646,117.83833694458008,54,1
1647,117.87232398986816,1514,-1
1648,117.87247633934021,1514,-1
1649,117.872642993927,1514,-1
1650,117.87290048599243,1514,-1
1651,117.87484860420227,54,1
1652,117.87601113319397,54,1
1653,117.87731170654297,1514,-1
1654,117.87731456756592,1514,-1
1655,117.87780356407166,1514,-1
1656,117.8778076171875,1514,-1
1657,117.8778088092804,1514,-1
1658,117.87796592712402,660,-1
1659,117.88329648971558,54,1
1660,117.883460521698,54,1
1661,117.88354754447937,54,1
1662,117.88530158996582,60,-1
1663,117.88670754432678,781,1
1664,117.89068937301636,74,1
1665,117.89085793495178,96,1
1666,117.92877721786499,66,-1
1667,117.92936086654663,60,-1
1668,117.93159604072571,60,-1
1669,117.93490314483643,419,-1
1670,117.95394921302795,54,1
1671,117.95431065559387,312,1
1672,117.95673274993896,85,1
1673,117.95686030387878,54,1
1674,117.98919630050659,60,-1
1675,117.99421262741089,60,-1
1676,117.99421429634094,191,-1
1677,117.99976015090942,60,-1
1678,118.00141978263855,54,1
1679,118.00153088569641,54,1
1680,118.00161147117615,105,1
1681,118.06533074378967,639,1
1682,118.06561017036438,190,1
1683,118.0715651512146,1514,1
1684,118.07312202453613,1514,1
1685,118.07316708564758,1174,1
1686,118.07320022583008,136,1
1687,118.0862979888916,92,1
1688,118.08773827552795,60,-1
1689,118.08944869041443,786,1
1690,118.10329484939575,60,-1
1691,118.11696672439575,60,-1
1692,118.1244375705719,60,-1
1693,118.12648916244507,60,-1
1694,118.13218832015991,419,-1
1695,118.13410019874573,85,1
1696,118.13447451591492,54,1
1697,118.161789894104,297,1
1698,118.16925692558289,60,-1
1699,118.17063355445862,190,1
1700,118.1710479259491,1514,1
1701,118.1713981628418,1514,1
1702,118.17142057418823,54,1
1703,118.17269897460938,1290,1
1704,118.17433524131775,60,-1
1705,118.19942021369934,60,-1
1706,118.20946907997131,60,-1
1707,118.21468615531921,60,-1
1708,118.21468734741211,60,-1
1709,118.22081446647644,146,-1
1710,118.2208161354065,92,-1
1711,118.22580003738403,54,1
1712,118.28879451751709,146,-1
1713,118.28915047645569,92,-1
1714,118.29349040985107,54,1
1715,118.7802619934082,475,-1
1716,118.79292821884155,74,1
1717,118.8149790763855,146,-1
1718,118.81498146057129,92,-1
1719,118.81613278388977,54,1
1720,118.81649804115295,54,1
1721,118.81672167778015,54,1
1722,118.83080458641052,66,-1
1723,118.83243179321289,54,1
1724,118.83386206626892,312,1
1725,118.87392234802246,60,-1
1726,118.87829971313477,60,-1
1727,118.87880873680115,191,-1
1728,118.88052821159363,54,1
1729,118.88077688217163,105,1
1730,118.96172094345093,60,-1
1731,118.96653151512146,798,1
1732,119.0072774887085,60,-1
1733,119.01383781433105,419,-1
1734,119.01556062698364,85,1
1735,119.01579332351685,54,1
1736,119.05619239807129,60,-1
1737,119.06070899963379,54,1
1738,119.06108522415161,60,-1
1739,120.00033378601074,100,-1
1740,120.00599813461304,54,1
1741,120.00913405418396,100,1
1742,120.08982157707214,60,-1
1743,122.01658582687378,285,1
1744,122.01761150360107,190,1
1745,122.02268695831299,1514,1
1746,122.02456903457642,1514,1
1747,122.02463245391846,1174,1
1748,122.04035353660583,136,1
1749,122.0405478477478,92,1
1750,122.0480420589447,286,1
1751,122.04871535301208,190,1
1752,122.04980444908142,1514,1
1753,122.05547142028809,60,-1
1754,122.05966639518738,60,-1
1755,122.0635199546814,1514,1
1756,122.06500554084778,1294,1
1757,122.06801056861877,60,-1
1758,122.0680136680603,60,-1
1759,122.07801747322083,60,-1
1760,122.07802176475525,60,-1
1761,122.08622694015503,60,-1
1762,122.08623003959656,60,-1
1763,122.09176802635193,60,-1
1764,122.10172438621521,60,-1
1765,122.1071994304657,60,-1
1766,122.10894250869751,96,-1
1767,122.15159630775452,54,1
1768,122.2043194770813,146,-1
1769,122.20432329177856,92,-1
1770,122.20609045028687,54,1
1771,122.20680785179138,54,1
1772,122.26711916923523,146,-1
1773,122.2673499584198,92,-1
1774,122.27237486839294,54,1
1775,122.2725477218628,54,1
1776,122.50403356552124,286,1
1777,122.50451445579529,190,1
1778,122.50558114051819,1514,1
1779,122.50764465332031,1514,1
1780,122.50777101516724,1289,1
1781,122.54325461387634,60,-1
1782,122.55134272575378,60,-1
1783,122.5991268157959,60,-1
1784,122.66543960571289,146,-1
1785,122.66544198989868,92,-1
1786,122.6703622341156,54,1
1787,122.67172074317932,54,1
1788,150.0007038116455,100,-1
1789,150.005952835083,54,1
1790,150.0084593296051,100,1
1791,150.04934310913086,60,-1
1792,157.4588394165039,285,1
1793,157.45909333229065,190,1
1794,157.45947265625,1514,1
1795,157.4599335193634,1514,1
1796,157.45997643470764,1470,1
1797,157.46021842956543,132,1
1798,157.4608244895935,180,1
1799,157.46288752555847,1514,1
1800,157.46306324005127,152,1
1801,157.46947240829468,285,1
1802,157.47014713287354,79,1
1803,157.49776220321655,60,-1
1804,157.49884414672852,95,-1
1805,157.50500988960266,60,-1
1806,157.5059311389923,60,-1
1807,157.50593304634094,60,-1
1808,157.5075991153717,1514,1
1809,157.50778007507324,60,-1
1810,157.5084068775177,1514,1
1811,157.50845336914062,74,1
1812,157.50874710083008,1514,1
1813,157.50879287719727,223,1
1814,157.54638934135437,60,-1
1815,157.55087757110596,66,-1
1816,157.55244779586792,60,-1
1817,157.5536642074585,54,1
1818,157.55477118492126,312,1
1819,157.56806564331055,1514,1
1820,157.56998491287231,1514,1
1821,157.5716791152954,1514,1
1822,157.57172751426697,1514,1
1823,157.5717968940735,252,1
1824,157.5875699520111,172,1
1825,157.59213972091675,60,-1
1826,157.59506392478943,172,1
1827,157.5959596633911,60,-1
1828,157.596333026886,191,-1
1829,157.5978434085846,54,1
1830,157.59832286834717,105,1
1831,157.6072714328766,60,-1
1832,157.6134810447693,60,-1
1833,157.61348509788513,60,-1
1834,157.6134865283966,60,-1
1835,157.6164767742157,172,1
1836,157.6262550354004,60,-1
1837,157.63163948059082,146,-1
1838,157.63200664520264,92,-1
1839,157.63543939590454,54,1
1840,157.6442427635193,172,1
1841,157.6540858745575,60,-1
1842,157.6648771762848,172,1
1843,157.67942810058594,172,1
1844,157.684823513031,60,-1
1845,157.6860625743866,763,1
1846,157.69317364692688,172,1
1847,157.70241141319275,60,-1
1848,157.72341561317444,60,-1
1849,157.72705817222595,172,1
1850,157.73008847236633,419,-1
1851,157.73136854171753,60,-1
1852,157.73202919960022,85,1
1853,157.7322165966034,54,1
1854,157.7410442829132,172,1
1855,157.75494480133057,172,1
1856,157.76931715011597,60,-1
1857,157.77296113967896,60,-1
1858,157.7742772102356,54,1
1859,157.77573704719543,172,1
1860,157.779114484787,60,-1
1861,157.804048538208,172,1
1862,157.81689262390137,60,-1
1863,157.84907341003418,172,1
1864,157.8492465019226,172,1
1865,157.8526644706726,172,1
1866,157.88702201843262,60,-1
1867,157.8904287815094,172,1
1868,157.89114999771118,60,-1
1869,157.9021577835083,172,1
1870,157.9165964126587,172,1
1871,157.93723797798157,172,1
1872,157.93955183029175,60,-1
1873,157.9511799812317,288,1
1874,157.95203709602356,190,1
1875,157.953200340271,1514,1
1876,157.95352506637573,1514,1
1877,157.95388889312744,1173,1
1878,157.9539122581482,136,1
1879,157.95408129692078,92,1
1880,157.96457719802856,172,1
1881,157.97523546218872,60,-1
1882,157.98074889183044,172,1
1883,157.99476194381714,60,-1
1884,157.995130777359,60,-1
1885,158.00222778320312,172,1
1886,158.01404070854187,172,1
1887,158.01858186721802,60,-1
1888,158.04224824905396,172,1
1889,158.05154061317444,60,-1
1890,158.06289887428284,172,1
1891,158.07711672782898,172,1
1892,158.09119248390198,172,1
1893,158.10105800628662,60,-1
1894,158.10332679748535,146,-1
1895,158.10332798957825,92,-1
1896,158.10483121871948,54,1
1897,158.12636923789978,172,1
1898,158.12831687927246,60,-1
1899,158.14036321640015,172,1
1900,158.15435338020325,172,1
1901,158.17503118515015,172,1
1902,158.17849826812744,60,-1
1903,158.20881152153015,172,1
1904,158.2130811214447,60,-1
1905,158.22412848472595,172,1
1906,158.23901844024658,172,1
1907,158.2510211467743,172,1
1908,158.2623908519745,60,-1
1909,158.28623747825623,172,1
1910,158.2883517742157,60,-1
1911,158.30020260810852,172,1
1912,158.3233551979065,172,1
1913,158.3347179889679,172,1
1914,158.33809614181519,60,-1
1915,158.36299872398376,172,1
1916,158.37180376052856,60,-1
1917,158.38412070274353,172,1
1918,158.39789390563965,172,1
1919,158.41214752197266,172,1
1920,158.4240381717682,60,-1
1921,158.4468400478363,172,1
1922,158.44934964179993,60,-1
1923,158.4608268737793,172,1
1924,158.4748878479004,172,1
1925,158.49568247795105,172,1
1926,158.49821400642395,60,-1
1927,158.53346586227417,60,-1
1928,158.54915642738342,172,1
1929,158.54953026771545,172,1
1930,158.5588231086731,172,1
1931,158.572749376297,172,1
1932,158.58784008026123,60,-1
1933,158.60794353485107,172,1
1934,158.61044311523438,60,-1
1935,158.62205410003662,172,1
1936,158.66013383865356,60,-1
1937,158.72767090797424,172,1
1938,158.7280855178833,172,1
1939,158.72829031944275,172,1
1940,158.72839212417603,172,1
1941,158.7284917831421,172,1
1942,158.7356882095337,172,1
1943,158.76676273345947,60,-1
1944,158.77078366279602,172,1
1945,158.77484774589539,60,-1
1946,158.85929703712463,60,-1
1947,158.8664665222168,172,1
1948,158.86699557304382,172,1
1949,158.8672013282776,172,1
1950,158.86732649803162,172,1
1951,158.86740851402283,172,1
1952,158.8846151828766,172,1
1953,158.89881229400635,172,1
1954,158.9040172100067,60,-1
1955,158.91051197052002,60,-1
1956,158.9223804473877,60,-1
1957,158.9316864013672,172,1
1958,158.93804168701172,60,-1
1959,158.96972107887268,60,-1
1960,158.97101545333862,172,1
1961,158.97415828704834,172,1
1962,158.99188351631165,172,1
1963,159.00636792182922,172,1
1964,159.0087969303131,60,-1
1965,159.0135748386383,60,-1
1966,159.0201427936554,172,1
1967,159.02943301200867,60,-1
1968,159.03400444984436,172,1
1969,159.0435812473297,60,-1
1970,159.05458307266235,172,1
1971,159.05766248703003,60,-1
1972,159.07200288772583,60,-1
1973,159.08283114433289,172,1
1974,159.09154534339905,60,-1
1975,159.11223530769348,172,1
1976,159.1208770275116,60,-1
1977,159.1246681213379,172,1
1978,159.14424848556519,172,1
1979,159.15359663963318,60,-1
1980,159.16205549240112,60,-1
1981,159.1813404560089,60,-1
1982,159.1841220855713,172,1
1983,159.18450951576233,172,1
1984,159.19527459144592,172,1
1985,159.2158989906311,172,1
1986,159.22177267074585,60,-1
1987,159.22628355026245,60,-1
1988,159.2343876361847,60,-1
1989,159.2536871433258,60,-1
1990,159.3297803401947,172,1
1991,159.32999992370605,172,1
1992,159.33008909225464,172,1
1993,159.33019280433655,172,1
1994,159.33028626441956,172,1
1995,159.34212827682495,172,1
1996,159.35615468025208,172,1
1997,159.3673734664917,60,-1
1998,159.37068057060242,172,1
1999,159.37287497520447,60,-1
2000,159.38237142562866,60,-1
2001,159.3936312198639,60,-1
2002,159.40450143814087,172,1
2003,159.41066193580627,60,-1
2004,159.41877269744873,172,1
2005,159.4410424232483,172,1
2006,159.4522361755371,60,-1
2007,159.45474123954773,172,1
2008,159.45705699920654,60,-1
2009,159.47909379005432,60,-1
2010,159.48981308937073,172,1
2011,159.49204444885254,60,-1
2012,159.50352454185486,172,1
2013,159.517427444458,172,1
2014,159.52921414375305,60,-1
2015,159.53190279006958,172,1
2016,159.55288887023926,60,-1
2017,159.56215476989746,60,-1
2018,159.56459307670593,172,1
2019,159.56959748268127,60,-1
2020,159.57005047798157,96,-1
2021,159.57958936691284,172,1
2022,159.60543251037598,172,1
2023,159.61405968666077,172,1
2024,159.61749935150146,60,-1
2025,159.64876556396484,172,1
2026,159.65405774116516,60,-1
2027,159.66277599334717,172,1
2028,159.67797231674194,172,1
2029,159.69159197807312,172,1
2030,159.70054125785828,60,-1
2031,159.7260434627533,172,1
2032,159.7296438217163,60,-1
2033,159.7403552532196,172,1
2034,159.7609612941742,172,1
2035,159.7746512889862,172,1
2036,159.77845978736877,60,-1
2037,159.80312085151672,172,1
2038,159.8115725517273,60,-1
2039,159.82387351989746,172,1
2040,159.83896207809448,172,1
2041,159.8526029586792,172,1
2042,159.8619863986969,60,-1
2043,159.88674902915955,172,1
2044,159.8904845714569,60,-1
2045,159.90097737312317,172,1
2046,159.91454458236694,172,1
2047,159.9433319568634,60,-1
2048,159.9550564289093,172,1
2049,159.96028661727905,434,-1
2050,159.966490983963,172,1
2051,159.96667981147766,136,1
2052,159.97113871574402,92,1
2053,159.98004722595215,712,-1
2054,159.986319065094,79,1
2055,160.00415349006653,60,-1
2056,160.00884532928467,60,-1
2057,160.01093697547913,95,-1
2058,160.01649379730225,54,1
2059,160.01764798164368,74,1
2060,160.06428742408752,66,-1
2061,160.07325744628906,54,1
2062,160.07468938827515,312,1
2063,160.1152982711792,60,-1
2064,160.12001490592957,60,-1
2065,160.12134981155396,191,-1
2066,160.12271738052368,54,1
2067,160.1230742931366,105,1
2068,160.20539832115173,60,-1
2069,160.21037030220032,809,1
2070,160.25213599205017,60,-1
2071,160.25658583641052,419,-1
2072,160.25866889953613,85,1
2073,160.25892615318298,54,1
2074,160.3003888130188,60,-1
2075,160.3046989440918,60,-1
2076,160.30530333518982,54,1
2077,160.51914739608765,288,1
2078,160.51938676834106,190,1
2079,160.5196988582611,1514,1
2080,160.51972198486328,1514,1
2081,160.51973938941956,1169,1
2082,160.5197558403015,136,1
2083,160.5198473930359,92,1
2084,160.5570502281189,60,-1
2085,160.56303071975708,60,-1
2086,160.5630326271057,60,-1
2087,160.77122020721436,146,-1
2088,160.77157187461853,92,-1
2089,160.77770018577576,54,1
2090,160.77785396575928,54,1
2091,160.85527110099792,460,-1
2092,160.85974526405334,54,1
2093,160.86478233337402,74,1
2094,160.9022343158722,66,-1
2095,160.9065968990326,54,1
2096,160.91144180297852,312,1
2097,160.9459512233734,60,-1
2098,160.96300625801086,60,-1
2099,160.96339654922485,191,-1
2100,160.9662389755249,54,1
2101,160.96663117408752,105,1
2102,161.00393509864807,1514,-1
2103,161.0040454864502,1514,-1
2104,161.00415205955505,1514,-1
2105,161.00427389144897,1514,-1
2106,161.00439524650574,1514,-1
2107,161.00451946258545,1514,-1
2108,161.00471758842468,1514,-1
2109,161.00494956970215,1514,-1
2110,161.00527501106262,1514,-1
2111,161.00559616088867,1514,-1
2112,161.00907278060913,54,1
2113,161.009370803833,54,1
2114,161.00953006744385,54,1
2115,161.01046895980835,54,1
2116,161.01062607765198,54,1
2117,161.011568069458,54,1
2118,161.01164603233337,54,1
2119,161.0125768184662,54,1
2120,161.0126597881317,54,1
2121,161.01365733146667,54,1
2122,161.0470995903015,1514,-1
2123,161.04746460914612,1514,-1
2124,161.04947566986084,54,1
2125,161.04971170425415,54,1
2126,161.05174565315247,1514,-1
2127,161.05201649665833,1514,-1
2128,161.05227732658386,1514,-1
2129,161.0524401664734,1514,-1
2130,161.05257558822632,1514,-1
2131,161.05277371406555,1514,-1
2132,161.05296564102173,1514,-1
2133,161.05314445495605,532,-1
2134,161.0542905330658,54,1
2135,161.06242775917053,54,1
2136,161.06268954277039,54,1
2137,161.0628137588501,54,1
2138,161.06293892860413,54,1
2139,161.0630600452423,96,1
2140,161.06353664398193,60,-1
2141,161.06506657600403,782,1
2142,161.06540822982788,74,1
2143,161.10368251800537,66,-1
2144,161.10551571846008,60,-1
2145,161.10859394073486,54,1
2146,161.11027026176453,419,-1
2147,161.1104862689972,312,1
2148,161.11251664161682,85,1
2149,161.11275339126587,54,1
2150,161.14428639411926,60,-1
2151,161.1498100757599,60,-1
2152,161.14981293678284,191,-1
2153,161.15129828453064,54,1
2154,161.15165829658508,60,-1
2155,161.1538507938385,105,1
2156,161.1539785861969,54,1
2157,161.1594111919403,60,-1
2158,161.24616169929504,60,-1
2159,161.2481017112732,784,1
2160,161.2839014530182,60,-1
2161,161.2884659767151,419,-1
2162,161.29707837104797,85,1
2163,161.29749250411987,54,1
2164,161.33275365829468,60,-1
2165,161.33698391914368,60,-1
2166,161.35471892356873,286,1
2167,161.35543203353882,190,1
2168,161.35549116134644,1514,1
2169,161.35551691055298,1514,1
2170,161.35553669929504,1174,1
2171,161.35555338859558,136,1
2172,161.35564708709717,92,1
2173,161.35574412345886,54,1
2174,161.3563940525055,287,1
2175,161.35727047920227,190,1
2176,161.35849261283875,1514,1
2177,161.39305424690247,60,-1
2178,161.39305663108826,60,-1
2179,161.39458346366882,1514,1
2180,161.3960325717926,1290,1
2181,161.39924716949463,60,-1
2182,161.39924931526184,60,-1
2183,161.4003291130066,60,-1
2184,161.40033054351807,60,-1
2185,161.40033197402954,60,-1
2186,161.40033316612244,60,-1
2187,161.4003345966339,60,-1
2188,161.4003357887268,60,-1
2189,161.43276357650757,60,-1
2190,161.4396677017212,60,-1
2191,161.50806427001953,146,-1
2192,161.50841283798218,92,-1
2193,161.5129086971283,54,1
2194,161.5510597229004,146,-1
2195,161.5510618686676,92,-1
2196,161.5557825565338,54,1
2197,161.91925740242004,475,-1
2198,161.93442344665527,74,1
2199,161.95749735832214,54,1
2200,161.96039509773254,146,-1
2201,161.9607720375061,92,-1
2202,161.96175241470337,54,1
2203,161.96202683448792,54,1
2204,161.97386574745178,66,-1
2205,161.97514533996582,54,1
2206,161.9766709804535,312,1
2207,162.01517343521118,60,-1
2208,162.0198028087616,60,-1
2209,162.02034902572632,191,-1
2210,162.02169752120972,54,1
2211,162.02189683914185,105,1
2212,162.1060061454773,60,-1
2213,162.1113681793213,796,1
2214,162.1514048576355,60,-1
2215,162.15760850906372,419,-1
2216,162.15942120552063,85,1
2217,162.15959095954895,54,1
2218,162.19946789741516,60,-1
2219,162.20378589630127,60,-1
2220,162.20405745506287,54,1
2221,165.18119931221008,288,1
2222,165.18251061439514,190,1
2223,165.18282771110535,1514,1
2224,165.1831648349762,1514,1
2225,165.18458104133606,1174,1
2226,165.18801140785217,136,1
2227,165.1885015964508,92,1
2228,165.21971011161804,60,-1
2229,165.22554969787598,60,-1
2230,165.22650814056396,60,-1
2231,165.22650957107544,60,-1
2232,165.22953176498413,60,-1
2233,165.22953343391418,60,-1
2234,165.29781651496887,288,1
2235,165.29822158813477,190,1
2236,165.29909467697144,1514,1
2237,165.2991282939911,1514,1
2238,165.29914474487305,1294,1
2239,165.3529016971588,60,-1
2240,165.35290360450745,146,-1
2241,165.35290622711182,92,-1
2242,165.35290718078613,60,-1
2243,165.437091588974,54,1
2244,165.43941926956177,92,-1
2245,165.44084906578064,54,1
2246,165.50841331481934,146,-1
2247,165.50841879844666,92,-1
2248,165.56862092018127,54,1
2249,165.56884288787842,54,1
2250,165.70650172233582,641,1
2251,165.75073790550232,190,1
2252,165.75168013572693,1514,1
2253,165.75173997879028,1514,1
2254,165.7517728805542,1169,1
2255,165.7518036365509,136,1
2256,165.751948595047,92,1
2257,165.78896355628967,60,-1
2258,165.79511213302612,60,-1
2259,165.79511713981628,60,-1
2260,165.91944575309753,146,-1
2261,165.91977906227112,92,-1
2262,165.92469573020935,54,1
2263,165.92495393753052,54,1
2264,180.00213098526,100,-1
2265,180.00754523277283,54,1
2266,180.01211309432983,100,1
2267,180.09966254234314,60,-1
